01.07.2017,курица,406,,,,,2,2,1,0,0,ВНОСИТЕЛЬ,"-164,58","-82,29","0,00","0,00",,"164,58","82,29","0,00","0,00",,"164,58","82,29","0,00","0,00","-164,58",,"0,00","0,00","0,00","-164,58",,"0,00","0,00","0,00","-82,29","0,00",,"0,00","0,00","-82,29","0,00",,"0,00","0,00","0,00","0,00","0,00",,"0,00","0,00","0,00","0,00",,"0,00","0,00","0,00","0,00","0,00",,"0,00","0,00","0,00","0,00","0,00"
01.07.2017,морковь,,43,,,,1,1,1,0,0,"-15,48",ВНОСИТЕЛЬ,"-15,48","0,00","0,00",,"-15,48","0,00","0,00","0,00",,"149,10","82,29","0,00","0,00","15,48",,"15,48","0,00","0,00","-149,10",,"15,48","0,00","0,00","0,00","-15,48",,"0,00","0,00","-82,29","-15,48",,"0,00","0,00","0,00","0,00","0,00",,"0,00","0,00","0,00","0,00",,"0,00","0,00","0,00","0,00","0,00",,"0,00","0,00","0,00","0,00","0,00"
01.07.2017,лук,,33,,,,1,1,1,0,0,"-12,14",ВНОСИТЕЛЬ,"-12,14","0,00","0,00",,"-12,14","0,00","0,00","0,00",,"136,96","82,29","0,00","0,00","12,14",,"12,14","0,00","0,00","-136,96",,"27,62","0,00","0,00","0,00","-12,14",,"0,00","0,00","-82,29","-27,62",,"0,00","0,00","0,00","0,00","0,00",,"0,00","0,00","0,00","0,00",,"0,00","0,00","0,00","0,00","0,00",,"0,00","0,00","0,00","0,00","0,00"
01.07.2017,вода,,50,,,,1,1,1,0,0,"-17,67",ВНОСИТЕЛЬ,"-17,67","0,00","0,00",,"-17,67","0,00","0,00","0,00",,"119,29","82,29","0,00","0,00","17,67",,"17,67","0,00","0,00","-119,29",,"45,29","0,00","0,00","0,00","-17,67",,"0,00","0,00","-82,29","-45,29",,"0,00","0,00","0,00","0,00","0,00",,"0,00","0,00","0,00","0,00",,"0,00","0,00","0,00","0,00","0,00",,"0,00","0,00","0,00","0,00","0,00"
01.07.2017,соль,,,20,,,1,1,1,0,0,"-7,67","-7,67",ВНОСИТЕЛЬ,"0,00","0,00",,"0,00","-7,67","0,00","0,00",,"119,29","74,62","0,00","0,00",0,,"-7,67","0,00","0,00","-119,29",,"37,62","0,00","0,00","7,67","7,67",,"0,00","0,00","-74,62","-37,62",,"0,00","0,00","0,00","0,00","0,00",,"0,00","0,00","0,00","0,00",,"0,00","0,00","0,00","0,00","0,00",,"0,00","0,00","0,00","0,00","0,00"
01.07.2017,рис,,,125,,,2,1,1,0,0,"-64,50","-32,25",ВНОСИТЕЛЬ,"0,00","0,00",,"0,00","-64,50","0,00","0,00",,"119,29","10,12","0,00","0,00",0,,"-32,25","0,00","0,00","-119,29",,"5,37","0,00","0,00","64,50","32,25",,"0,00","0,00","-10,12","-5,37",,"0,00","0,00","0,00","0,00","0,00",,"0,00","0,00","0,00","0,00",,"0,00","0,00","0,00","0,00","0,00",,"0,00","0,00","0,00","0,00","0,00"
01.07.2017,готовка,,,15,,,1,1,1,0,0,"-6,00","-6,00",ВНОСИТЕЛЬ,"0,00","0,00",,"0,00","-6,00","0,00","0,00",,"119,29","4,12","0,00","0,00",0,,"-6,00","0,00","0,00","-119,29",,"-0,63","0,00","0,00","6,00","6,00",,"0,00","0,00","-4,12","0,63",,"0,00","0,00","0,00","0,00","0,00",,"0,00","0,00","0,00","0,00",,"0,00","0,00","0,00","0,00","0,00",,"0,00","0,00","0,00","0,00","0,00"
01.07.2017,печенье,,,88,,,0,1,1,0,0,"0,00","-44,75",ВНОСИТЕЛЬ,"0,00","0,00",,"0,00","0,00","0,00","0,00",,"119,29","4,12","0,00","0,00",0,,"-44,75","0,00","0,00","-119,29",,"-45,38","0,00","0,00","0,00","44,75",,"0,00","0,00","-4,12","45,38",,"0,00","0,00","0,00","0,00","0,00",,"0,00","0,00","0,00","0,00",,"0,00","0,00","0,00","0,00","0,00",,"0,00","0,00","0,00","0,00","0,00"
01.07.2017,вафли,,,90,,,0,1,1,0,0,"0,00","-46,00",ВНОСИТЕЛЬ,"0,00","0,00",,"0,00","0,00","0,00","0,00",,"119,29","4,12","0,00","0,00",0,,"-46,00","0,00","0,00","-119,29",,"-91,38","0,00","0,00","0,00","46,00",,"0,00","0,00","-4,12","91,38",,"0,00","0,00","0,00","0,00","0,00",,"0,00","0,00","0,00","0,00",,"0,00","0,00","0,00","0,00","0,00",,"0,00","0,00","0,00","0,00","0,00"
01.07.2017,лук,,31,,,,1,1,1,0,0,"-11,21",ВНОСИТЕЛЬ,"-11,21","0,00","0,00",,"-11,21","0,00","0,00","0,00",,"108,08","4,12","0,00","0,00","11,21",,"11,21","0,00","0,00","-108,08",,"-80,17","0,00","0,00","0,00","-11,21",,"0,00","0,00","-4,12","80,17",,"0,00","0,00","0,00","0,00","0,00",,"0,00","0,00","0,00","0,00",,"0,00","0,00","0,00","0,00","0,00",,"0,00","0,00","0,00","0,00","0,00"
01.07.2017,морковь,,42,,,,1,1,1,0,0,"-14,84",ВНОСИТЕЛЬ,"-14,84","0,00","0,00",,"-14,84","0,00","0,00","0,00",,"93,24","4,12","0,00","0,00","14,84",,"14,84","0,00","0,00","-93,24",,"-65,33","0,00","0,00","0,00","-14,84",,"0,00","0,00","-4,12","65,33",,"0,00","0,00","0,00","0,00","0,00",,"0,00","0,00","0,00","0,00",,"0,00","0,00","0,00","0,00","0,00",,"0,00","0,00","0,00","0,00","0,00"
19.07.2017,рис,,,125,,,1,1,1,0,0,"-42,67","-42,67",ВНОСИТЕЛЬ,"0,00","0,00",,"0,00","-42,67","0,00","0,00",,"93,24","-38,55","0,00","0,00",0,,"-42,67","0,00","0,00","-93,24",,"-108,00","0,00","0,00","42,67","42,67",,"0,00","0,00","38,55","108,00",,"0,00","0,00","0,00","0,00","0,00",,"0,00","0,00","0,00","0,00",,"0,00","0,00","0,00","0,00","0,00",,"0,00","0,00","0,00","0,00","0,00"
20.07.2017,сахар,,,64,,,1,1,2,0,0,"-16,97","-16,97",ВНОСИТЕЛЬ,"0,00","0,00",,"0,00","-16,97","0,00","0,00",,"93,24","-55,51","0,00","0,00",0,,"-16,97","0,00","0,00","-93,24",,"-124,97","0,00","0,00","16,97","16,97",,"0,00","0,00","55,51","124,97",,"0,00","0,00","0,00","0,00","0,00",,"0,00","0,00","0,00","0,00",,"0,00","0,00","0,00","0,00","0,00",,"0,00","0,00","0,00","0,00","0,00"
24.07.2017,сливки,,,128,,,0,0,1,0,0,"0,00","0,00",ВНОСИТЕЛЬ,"0,00","0,00",,"0,00","0,00","0,00","0,00",,"93,24","-55,51","0,00","0,00",0,,"0,00","0,00","0,00","-93,24",,"-124,97","0,00","0,00","0,00","0,00",,"0,00","0,00","55,51","124,97",,"0,00","0,00","0,00","0,00","0,00",,"0,00","0,00","0,00","0,00",,"0,00","0,00","0,00","0,00","0,00",,"0,00","0,00","0,00","0,00","0,00"
24.07.2017,масло растительное,,,72,,,1,1,1,0,0,"-25,00","-25,00",ВНОСИТЕЛЬ,"0,00","0,00",,"0,00","-25,00","0,00","0,00",,"93,24","-80,51","0,00","0,00",0,,"-25,00","0,00","0,00","-93,24",,"-149,97","0,00","0,00","25,00","25,00",,"0,00","0,00","80,51","149,97",,"0,00","0,00","0,00","0,00","0,00",,"0,00","0,00","0,00","0,00",,"0,00","0,00","0,00","0,00","0,00",,"0,00","0,00","0,00","0,00","0,00"
24.07.2017,сгущенка,,,57,,,0,1,1,0,0,"0,00","-29,65",ВНОСИТЕЛЬ,"0,00","0,00",,"0,00","0,00","0,00","0,00",,"93,24","-80,51","0,00","0,00",0,,"-29,65","0,00","0,00","-93,24",,"-179,62","0,00","0,00","0,00","29,65",,"0,00","0,00","80,51","179,62",,"0,00","0,00","0,00","0,00","0,00",,"0,00","0,00","0,00","0,00",,"0,00","0,00","0,00","0,00","0,00",,"0,00","0,00","0,00","0,00","0,00"
24.07.2017,перец,,,167,,,1,1,1,0,0,"-56,67","-56,67",ВНОСИТЕЛЬ,"0,00","0,00",,"0,00","-56,67","0,00","0,00",,"93,24","-137,18","0,00","0,00",0,,"-56,67","0,00","0,00","-93,24",,"-236,28","0,00","0,00","56,67","56,67",,"0,00","0,00","137,18","236,28",,"0,00","0,00","0,00","0,00","0,00",,"0,00","0,00","0,00","0,00",,"0,00","0,00","0,00","0,00","0,00",,"0,00","0,00","0,00","0,00","0,00"
24.07.2017,тушенка,,,105,,,2,2,1,0,0,"-44,00","-44,00",ВНОСИТЕЛЬ,"0,00","0,00",,"0,00","-44,00","0,00","0,00",,"93,24","-181,18","0,00","0,00",0,,"-44,00","0,00","0,00","-93,24",,"-280,28","0,00","0,00","44,00","44,00",,"0,00","0,00","181,18","280,28",,"0,00","0,00","0,00","0,00","0,00",,"0,00","0,00","0,00","0,00",,"0,00","0,00","0,00","0,00","0,00",,"0,00","0,00","0,00","0,00","0,00"
31.07.2017,кофе,,,1001,,,1,0,1,1,0,"-334,67","0,00",ВНОСИТЕЛЬ,"-334,67","0,00",,"0,00","-334,67","0,00","0,00",,"93,24","-515,85","0,00","0,00",0,,"0,00","0,00","0,00","-93,24",,"-280,28","0,00","0,00","334,67","0,00",,"334,67","0,00","515,85","280,28",,"334,67","0,00","0,00","0,00","-334,67",,"0,00","0,00","0,00","-334,67",,"0,00","0,00","0,00","0,00","0,00",,"0,00","0,00","0,00","0,00","0,00"
26.07.2017,филе куриное,215,,,,,2,0,1,0,0,ВНОСИТЕЛЬ,"0,00","-72,67","0,00","0,00",,"0,00","72,67","0,00","0,00",,"93,24","-443,18","0,00","0,00","0,00",,"0,00","0,00","0,00","-93,24",,"-280,28","0,00","0,00","-72,67","0,00",,"0,00","0,00","443,18","280,28",,"334,67","0,00","0,00","0,00","0,00",,"0,00","0,00","0,00","-334,67",,"0,00","0,00","0,00","0,00","0,00",,"0,00","0,00","0,00","0,00","0,00"
27.07.2017,лук репчатый,,,55,,,1,0,1,0,0,"-28,66","0,00",ВНОСИТЕЛЬ,"0,00","0,00",,"0,00","-28,66","0,00","0,00",,"93,24","-471,84","0,00","0,00",0,,"0,00","0,00","0,00","-93,24",,"-280,28","0,00","0,00","28,66","0,00",,"0,00","0,00","471,84","280,28",,"334,67","0,00","0,00","0,00","0,00",,"0,00","0,00","0,00","-334,67",,"0,00","0,00","0,00","0,00","0,00",,"0,00","0,00","0,00","0,00","0,00"
31.07.2017,средство чистящее,,,98,,,1,1,1,0,0,"-33,63","-33,63",ВНОСИТЕЛЬ,"0,00","0,00",,"0,00","-33,63","0,00","0,00",,"93,24","-505,47","0,00","0,00",0,,"-33,63","0,00","0,00","-93,24",,"-313,92","0,00","0,00","33,63","33,63",,"0,00","0,00","505,47","313,92",,"334,67","0,00","0,00","0,00","0,00",,"0,00","0,00","0,00","-334,67",,"0,00","0,00","0,00","0,00","0,00",,"0,00","0,00","0,00","0,00","0,00"
31.07.2017,чай ,,,475,,,0,0,1,0,0,"0,00","0,00",ВНОСИТЕЛЬ,"0,00","0,00",,"0,00","0,00","0,00","0,00",,"93,24","-505,47","0,00","0,00",0,,"0,00","0,00","0,00","-93,24",,"-313,92","0,00","0,00","0,00","0,00",,"0,00","0,00","505,47","313,92",,"334,67","0,00","0,00","0,00","0,00",,"0,00","0,00","0,00","-334,67",,"0,00","0,00","0,00","0,00","0,00",,"0,00","0,00","0,00","0,00","0,00"
31.07.2017,фарш,330,,,,,2,0,1,2,0,ВНОСИТЕЛЬ,"0,00","-67,00","-134,00","0,00",,"0,00","67,00","134,00","0,00",,"93,24","-438,47","134,00","0,00","0,00",,"0,00","0,00","0,00","-93,24",,"-313,92","0,00","0,00","-67,00","0,00",,"0,00","0,00","438,47","313,92",,"334,67","0,00","-134,00","0,00","0,00",,"0,00","-134,00","0,00","-334,67",,"0,00","0,00","0,00","0,00","0,00",,"0,00","0,00","0,00","0,00","0,00"
31.07.2017,огурцы,,,,0,,1,1,1,1,0,"-1,00","-1,00","-1,00",ВНОСИТЕЛЬ,"0,00",,"0,00","0,00","-1,00","0,00",,"93,24","-438,47","133,00","0,00",0,,"0,00","-1,00","0,00","-93,24",,"-313,92","-1,00","0,00","0,00","0,00",,"-1,00","0,00","438,47","313,92",,"333,67","0,00","1,00","1,00","1,00",,"0,00","-133,00","1,00","-333,67",,"0,00","0,00","0,00","0,00","0,00",,"0,00","0,00","0,00","0,00","0,00"
31.07.2017,готовка,,,50,,,1,0,1,1,0,"-17,67","0,00",ВНОСИТЕЛЬ,"-17,67","0,00",,"0,00","-17,67","0,00","0,00",,"93,24","-456,14","133,00","0,00",0,,"0,00","0,00","0,00","-93,24",,"-313,92","-1,00","0,00","17,67","0,00",,"17,67","0,00","456,14","313,92",,"351,33","0,00","0,00","0,00","-17,67",,"0,00","-133,00","1,00","-351,33",,"0,00","0,00","0,00","0,00","0,00",,"0,00","0,00","0,00","0,00","0,00"
01.08.2017,макароны,,,,75,,2,0,1,2,0,"-32,00","0,00","-16,00",ВНОСИТЕЛЬ,"0,00",,"0,00","0,00","-32,00","0,00",,"93,24","-456,14","101,00","0,00",0,,"0,00","0,00","0,00","-93,24",,"-313,92","-1,00","0,00","0,00","0,00",,"-16,00","0,00","456,14","313,92",,"335,33","0,00","32,00","0,00","16,00",,"0,00","-101,00","1,00","-335,33",,"0,00","0,00","0,00","0,00","0,00",,"0,00","0,00","0,00","0,00","0,00"
01.08.2017,кетчуп,,,,70,,1,0,1,1,0,"-24,33","0,00","-24,33",ВНОСИТЕЛЬ,"0,00",,"0,00","0,00","-24,33","0,00",,"93,24","-456,14","76,67","0,00",0,,"0,00","0,00","0,00","-93,24",,"-313,92","-1,00","0,00","0,00","0,00",,"-24,33","0,00","456,14","313,92",,"311,00","0,00","24,33","0,00","24,33",,"0,00","-76,67","1,00","-311,00",,"0,00","0,00","0,00","0,00","0,00",,"0,00","0,00","0,00","0,00","0,00"
01.08.2017,готовка,,,50,,,1,0,1,1,0,"-17,67","0,00",ВНОСИТЕЛЬ,"-17,67","0,00",,"0,00","-17,67","0,00","0,00",,"93,24","-473,81","76,67","0,00",0,,"0,00","0,00","0,00","-93,24",,"-313,92","-1,00","0,00","17,67","0,00",,"17,67","0,00","473,81","313,92",,"328,67","0,00","0,00","0,00","-17,67",,"0,00","-76,67","1,00","-328,67",,"0,00","0,00","0,00","0,00","0,00",,"0,00","0,00","0,00","0,00","0,00"
02.08.2017,готовка,,,,50,,1,0,1,1,0,"-17,67","0,00","-17,67",ВНОСИТЕЛЬ,"0,00",,"0,00","0,00","-17,67","0,00",,"93,24","-473,81","59,00","0,00",0,,"0,00","0,00","0,00","-93,24",,"-313,92","-1,00","0,00","0,00","0,00",,"-17,67","0,00","473,81","313,92",,"311,00","0,00","17,67","0,00","17,67",,"0,00","-59,00","1,00","-311,00",,"0,00","0,00","0,00","0,00","0,00",,"0,00","0,00","0,00","0,00","0,00"
02.08.2017,макароны,,,,75,,2,0,1,2,0,"-32,00","0,00","-16,00",ВНОСИТЕЛЬ,"0,00",,"0,00","0,00","-32,00","0,00",,"93,24","-473,81","27,00","0,00",0,,"0,00","0,00","0,00","-93,24",,"-313,92","-1,00","0,00","0,00","0,00",,"-16,00","0,00","473,81","313,92",,"295,00","0,00","32,00","0,00","16,00",,"0,00","-27,00","1,00","-295,00",,"0,00","0,00","0,00","0,00","0,00",,"0,00","0,00","0,00","0,00","0,00"
02.08.2017,губка,,,,60,,1,0,1,1,0,"-21,00","0,00","-21,00",ВНОСИТЕЛЬ,"0,00",,"0,00","0,00","-21,00","0,00",,"93,24","-473,81","6,00","0,00",0,,"0,00","0,00","0,00","-93,24",,"-313,92","-1,00","0,00","0,00","0,00",,"-21,00","0,00","473,81","313,92",,"274,00","0,00","21,00","0,00","21,00",,"0,00","-6,00","1,00","-274,00",,"0,00","0,00","0,00","0,00","0,00",,"0,00","0,00","0,00","0,00","0,00"
02.08.2017,салфетки,,,,100,,1,0,1,1,0,"-34,33","0,00","-34,33",ВНОСИТЕЛЬ,"0,00",,"0,00","0,00","-34,33","0,00",,"93,24","-473,81","-28,33","0,00",0,,"0,00","0,00","0,00","-93,24",,"-313,92","-1,00","0,00","0,00","0,00",,"-34,33","0,00","473,81","313,92",,"239,67","0,00","34,33","0,00","34,33",,"0,00","28,33","1,00","-239,67",,"0,00","0,00","0,00","0,00","0,00",,"0,00","0,00","0,00","0,00","0,00"
03.08.2017,филе куриное,320,,,,,2,1,1,2,0,ВНОСИТЕЛЬ,"-54,33","-54,33","-108,67","0,00",,"54,33","54,33","108,67","0,00",,"147,58","-419,47","80,33","0,00","-54,33",,"0,00","0,00","0,00","-147,58",,"-313,92","-1,00","0,00","-54,33","0,00",,"0,00","0,00","419,47","313,92",,"239,67","0,00","-108,67","0,00","0,00",,"0,00","-80,33","1,00","-239,67",,"0,00","0,00","0,00","0,00","0,00",,"0,00","0,00","0,00","0,00","0,00"
03.08.2017,крупа гречневая,,,,54,,2,0,1,2,0,"-23,60","0,00","-11,80",ВНОСИТЕЛЬ,"0,00",,"0,00","0,00","-23,60","0,00",,"147,58","-419,47","56,73","0,00",0,,"0,00","0,00","0,00","-147,58",,"-313,92","-1,00","0,00","0,00","0,00",,"-11,80","0,00","419,47","313,92",,"227,87","0,00","23,60","0,00","11,80",,"0,00","-56,73","1,00","-227,87",,"0,00","0,00","0,00","0,00","0,00",,"0,00","0,00","0,00","0,00","0,00"
03.08.2017,готовка,,,,50,,1,0,1,1,0,"-17,67","0,00","-17,67",ВНОСИТЕЛЬ,"0,00",,"0,00","0,00","-17,67","0,00",,"147,58","-419,47","39,07","0,00",0,,"0,00","0,00","0,00","-147,58",,"-313,92","-1,00","0,00","0,00","0,00",,"-17,67","0,00","419,47","313,92",,"210,20","0,00","17,67","0,00","17,67",,"0,00","-39,07","1,00","-210,20",,"0,00","0,00","0,00","0,00","0,00",,"0,00","0,00","0,00","0,00","0,00"
04.08.2017,долг,,,,30,,1,0,0,0,0,"-31,00","0,00","0,00",ВНОСИТЕЛЬ,"0,00",,"0,00","0,00","-31,00","0,00",,"147,58","-419,47","8,07","0,00",0,,"0,00","0,00","0,00","-147,58",,"-313,92","-1,00","0,00","0,00","0,00",,"0,00","0,00","419,47","313,92",,"210,20","0,00","31,00","0,00","0,00",,"0,00","-8,07","1,00","-210,20",,"0,00","0,00","0,00","0,00","0,00",,"0,00","0,00","0,00","0,00","0,00"
07.08.2017,сахар,,,55,,,1,1,1,1,1,"-12,00","-12,00",ВНОСИТЕЛЬ,"-12,00","-12,00",,"0,00","-12,00","0,00","0,00",,"147,58","-431,47","8,07","0,00",0,,"-12,00","0,00","0,00","-147,58",,"-325,92","-1,00","0,00","12,00","12,00",,"12,00","12,00","431,47","325,92",,"222,20","12,00","0,00","0,00","-12,00",,"0,00","-8,07","1,00","-222,20",,"0,00","0,00","0,00","-12,00","0,00",,"0,00","0,00","-12,00","0,00","0,00"
07.08.2017,кофе,,,1001,,,1,0,1,1,1,"-251,25","0,00",ВНОСИТЕЛЬ,"-251,25","-251,25",,"0,00","-251,25","0,00","0,00",,"147,58","-682,72","8,07","0,00",0,,"0,00","0,00","0,00","-147,58",,"-325,92","-1,00","0,00","251,25","0,00",,"251,25","251,25","682,72","325,92",,"473,45","263,25","0,00","0,00","-251,25",,"0,00","-8,07","1,00","-473,45",,"0,00","0,00","0,00","-251,25","0,00",,"0,00","0,00","-263,25","0,00","0,00"
07.08.2017,лук репчатый,,,50,,,1,1,1,1,0,"-13,41","-13,41",ВНОСИТЕЛЬ,"-13,41","0,00",,"0,00","-13,41","0,00","0,00",,"147,58","-696,13","8,07","0,00",0,,"-13,41","0,00","0,00","-147,58",,"-339,32","-1,00","0,00","13,41","13,41",,"13,41","0,00","696,13","339,32",,"486,85","263,25","0,00","0,00","-13,41",,"0,00","-8,07","1,00","-486,85",,"0,00","0,00","0,00","0,00","0,00",,"0,00","0,00","-263,25","0,00","0,00"
07.08.2017,печенье,,,88,,,0,0,1,1,0,"0,00","0,00",ВНОСИТЕЛЬ,"-44,75","0,00",,"0,00","0,00","0,00","0,00",,"147,58","-696,13","8,07","0,00",0,,"0,00","0,00","0,00","-147,58",,"-339,32","-1,00","0,00","0,00","0,00",,"44,75","0,00","696,13","339,32",,"531,60","263,25","0,00","0,00","-44,75",,"0,00","-8,07","1,00","-531,60",,"0,00","0,00","0,00","0,00","0,00",,"0,00","0,00","-263,25","0,00","0,00"
07.08.2017,сахар,,,51,,,1,1,1,1,0,"-13,83","-13,83",ВНОСИТЕЛЬ,"-13,83","0,00",,"0,00","-13,83","0,00","0,00",,"147,58","-709,95","8,07","0,00",0,,"-13,83","0,00","0,00","-147,58",,"-353,15","-1,00","0,00","13,83","13,83",,"13,83","0,00","709,95","353,15",,"545,43","263,25","0,00","0,00","-13,83",,"0,00","-8,07","1,00","-545,43",,"0,00","0,00","0,00","0,00","0,00",,"0,00","0,00","-263,25","0,00","0,00"
07.08.2017,нож,,70,,,,1,1,1,1,0,"-18,50",ВНОСИТЕЛЬ,"-18,50","-18,50","0,00",,"-18,50","0,00","0,00","0,00",,"129,08","-709,95","8,07","0,00","18,50",,"18,50","18,50","0,00","-129,08",,"-334,65","17,50","0,00","0,00","-18,50",,"0,00","0,00","709,95","334,65",,"545,43","263,25","0,00","-18,50","0,00",,"0,00","-8,07","-17,50","-545,43",,"0,00","0,00","0,00","0,00","0,00",,"0,00","0,00","-263,25","0,00","0,00"
07.08.2017,готовка,,,50,,,1,0,1,1,0,"-17,67","0,00",ВНОСИТЕЛЬ,"-17,67","0,00",,"0,00","-17,67","0,00","0,00",,"129,08","-727,62","8,07","0,00",0,,"0,00","0,00","0,00","-129,08",,"-334,65","17,50","0,00","17,67","0,00",,"17,67","0,00","727,62","334,65",,"563,09","263,25","0,00","0,00","-17,67",,"0,00","-8,07","-17,50","-563,09",,"0,00","0,00","0,00","0,00","0,00",,"0,00","0,00","-263,25","0,00","0,00"
08.08.2017,готовка,,,,50,,1,0,1,1,0,"-17,67","0,00","-17,67",ВНОСИТЕЛЬ,"0,00",,"0,00","0,00","-17,67","0,00",,"129,08","-727,62","-9,60","0,00",0,,"0,00","0,00","0,00","-129,08",,"-334,65","17,50","0,00","0,00","0,00",,"-17,67","0,00","727,62","334,65",,"545,43","263,25","17,67","0,00","17,67",,"0,00","9,60","-17,50","-545,43",,"0,00","0,00","0,00","0,00","0,00",,"0,00","0,00","-263,25","0,00","0,00"
09.08.2017,готовка,,,,50,,1,1,1,1,0,"-13,50","-13,50","-13,50",ВНОСИТЕЛЬ,"0,00",,"0,00","0,00","-13,50","0,00",,"129,08","-727,62","-23,10","0,00",0,,"0,00","-13,50","0,00","-129,08",,"-334,65","4,00","0,00","0,00","0,00",,"-13,50","0,00","727,62","334,65",,"531,93","263,25","13,50","13,50","13,50",,"0,00","23,10","-4,00","-531,93",,"0,00","0,00","0,00","0,00","0,00",,"0,00","0,00","-263,25","0,00","0,00"
10.08.2017,долг,,132,,,,1,0,0,0,0,"-133,00",ВНОСИТЕЛЬ,"0,00","0,00","0,00",,"-133,00","0,00","0,00","0,00",,"-3,92","-727,62","-23,10","0,00","133,00",,"0,00","0,00","0,00","3,92",,"-334,65","4,00","0,00","0,00","0,00",,"0,00","0,00","727,62","334,65",,"531,93","263,25","0,00","0,00","0,00",,"0,00","23,10","-4,00","-531,93",,"0,00","0,00","0,00","0,00","0,00",,"0,00","0,00","-263,25","0,00","0,00"
10.08.2017,долг,,330,,,,0,0,1,0,0,"0,00",ВНОСИТЕЛЬ,"-331,00","0,00","0,00",,"0,00","0,00","0,00","0,00",,"-3,92","-727,62","-23,10","0,00","0,00",,"331,00","0,00","0,00","3,92",,"-3,65","4,00","0,00","0,00","-331,00",,"0,00","0,00","727,62","3,65",,"531,93","263,25","0,00","0,00","0,00",,"0,00","23,10","-4,00","-531,93",,"0,00","0,00","0,00","0,00","0,00",,"0,00","0,00","-263,25","0,00","0,00"
10.08.2017,свинина,475,,,,,1,0,1,1,0,ВНОСИТЕЛЬ,"0,00","-159,33","-159,33","0,00",,"0,00","159,33","159,33","0,00",,"-3,92","-568,28","136,23","0,00","0,00",,"0,00","0,00","0,00","3,92",,"-3,65","4,00","0,00","-159,33","0,00",,"0,00","0,00","568,28","3,65",,"531,93","263,25","-159,33","0,00","0,00",,"0,00","-136,23","-4,00","-531,93",,"0,00","0,00","0,00","0,00","0,00",,"0,00","0,00","-263,25","0,00","0,00"
10.08.2017,уксус,20,,,,,1,0,1,1,0,ВНОСИТЕЛЬ,"0,00","-7,67","-7,67","0,00",,"0,00","7,67","7,67","0,00",,"-3,92","-560,62","143,90","0,00","0,00",,"0,00","0,00","0,00","3,92",,"-3,65","4,00","0,00","-7,67","0,00",,"0,00","0,00","560,62","3,65",,"531,93","263,25","-7,67","0,00","0,00",,"0,00","-143,90","-4,00","-531,93",,"0,00","0,00","0,00","0,00","0,00",,"0,00","0,00","-263,25","0,00","0,00"
10.08.2017,макароны,70,,,,,1,0,1,1,0,ВНОСИТЕЛЬ,"0,00","-24,33","-24,33","0,00",,"0,00","24,33","24,33","0,00",,"-3,92","-536,28","168,23","0,00","0,00",,"0,00","0,00","0,00","3,92",,"-3,65","4,00","0,00","-24,33","0,00",,"0,00","0,00","536,28","3,65",,"531,93","263,25","-24,33","0,00","0,00",,"0,00","-168,23","-4,00","-531,93",,"0,00","0,00","0,00","0,00","0,00",,"0,00","0,00","-263,25","0,00","0,00"
10.08.2017,долг,,,,650,,0,0,1,0,0,"0,00","0,00","-651,00",ВНОСИТЕЛЬ,"0,00",,"0,00","0,00","0,00","0,00",,"-3,92","-536,28","168,23","0,00",0,,"0,00","0,00","0,00","3,92",,"-3,65","4,00","0,00","0,00","0,00",,"-651,00","0,00","536,28","3,65",,"-119,07","263,25","0,00","0,00","651,00",,"0,00","-168,23","-4,00","119,07",,"0,00","0,00","0,00","0,00","0,00",,"0,00","0,00","-263,25","0,00","0,00"
14.08.2017,рис,,,118,,,1,0,1,1,0,"-40,33","0,00",ВНОСИТЕЛЬ,"-40,33","0,00",,"0,00","-40,33","0,00","0,00",,"-3,92","-576,62","168,23","0,00",0,,"0,00","0,00","0,00","3,92",,"-3,65","4,00","0,00","40,33","0,00",,"40,33","0,00","576,62","3,65",,"-78,74","263,25","0,00","0,00","-40,33",,"0,00","-168,23","-4,00","78,74",,"0,00","0,00","0,00","0,00","0,00",,"0,00","0,00","-263,25","0,00","0,00"
14.08.2017,чай красный,65,,,,,1,0,0,0,0,ВНОСИТЕЛЬ,"0,00","0,00","0,00","0,00",,"0,00","0,00","0,00","0,00",,"-3,92","-576,62","168,23","0,00","0,00",,"0,00","0,00","0,00","3,92",,"-3,65","4,00","0,00","0,00","0,00",,"0,00","0,00","576,62","3,65",,"-78,74","263,25","0,00","0,00","0,00",,"0,00","-168,23","-4,00","78,74",,"0,00","0,00","0,00","0,00","0,00",,"0,00","0,00","-263,25","0,00","0,00"
14.08.2017,чай черный,,,475,,,0,0,1,1,0,"0,00","0,00",ВНОСИТЕЛЬ,"-238,50","0,00",,"0,00","0,00","0,00","0,00",,"-3,92","-576,62","168,23","0,00",0,,"0,00","0,00","0,00","3,92",,"-3,65","4,00","0,00","0,00","0,00",,"238,50","0,00","576,62","3,65",,"159,76","263,25","0,00","0,00","-238,50",,"0,00","-168,23","-4,00","-159,76",,"0,00","0,00","0,00","0,00","0,00",,"0,00","0,00","-263,25","0,00","0,00"
14.08.2017,готовка,,,50,,,1,0,1,1,0,"-17,67","0,00",ВНОСИТЕЛЬ,"-17,67","0,00",,"0,00","-17,67","0,00","0,00",,"-3,92","-594,28","168,23","0,00",0,,"0,00","0,00","0,00","3,92",,"-3,65","4,00","0,00","17,67","0,00",,"17,67","0,00","594,28","3,65",,"177,43","263,25","0,00","0,00","-17,67",,"0,00","-168,23","-4,00","-177,43",,"0,00","0,00","0,00","0,00","0,00",,"0,00","0,00","-263,25","0,00","0,00"
14.08.2017,готовка,,,50,,,1,0,1,1,0,"-17,67","0,00",ВНОСИТЕЛЬ,"-17,67","0,00",,"0,00","-17,67","0,00","0,00",,"-3,92","-611,95","168,23","0,00",0,,"0,00","0,00","0,00","3,92",,"-3,65","4,00","0,00","17,67","0,00",,"17,67","0,00","611,95","3,65",,"195,09","263,25","0,00","0,00","-17,67",,"0,00","-168,23","-4,00","-195,09",,"0,00","0,00","0,00","0,00","0,00",,"0,00","0,00","-263,25","0,00","0,00"
14.08.2017,лук,59,,,,,1,0,1,1,0,ВНОСИТЕЛЬ,"0,00","-20,67","-20,67","0,00",,"0,00","20,67","20,67","0,00",,"-3,92","-591,28","188,90","0,00","0,00",,"0,00","0,00","0,00","3,92",,"-3,65","4,00","0,00","-20,67","0,00",,"0,00","0,00","591,28","3,65",,"195,09","263,25","-20,67","0,00","0,00",,"0,00","-188,90","-4,00","-195,09",,"0,00","0,00","0,00","0,00","0,00",,"0,00","0,00","-263,25","0,00","0,00"
14.08.2017,тушенка,,,204,,,1,0,1,1,0,"-69,00","0,00",ВНОСИТЕЛЬ,"-69,00","0,00",,"0,00","-69,00","0,00","0,00",,"-3,92","-660,28","188,90","0,00",0,,"0,00","0,00","0,00","3,92",,"-3,65","4,00","0,00","69,00","0,00",,"69,00","0,00","660,28","3,65",,"264,09","263,25","0,00","0,00","-69,00",,"0,00","-188,90","-4,00","-264,09",,"0,00","0,00","0,00","0,00","0,00",,"0,00","0,00","-263,25","0,00","0,00"
14.08.2017,халва,,,50,,,0,0,1,0,0,"0,00","0,00",ВНОСИТЕЛЬ,"0,00","0,00",,"0,00","0,00","0,00","0,00",,"-3,92","-660,28","188,90","0,00",0,,"0,00","0,00","0,00","3,92",,"-3,65","4,00","0,00","0,00","0,00",,"0,00","0,00","660,28","3,65",,"264,09","263,25","0,00","0,00","0,00",,"0,00","-188,90","-4,00","-264,09",,"0,00","0,00","0,00","0,00","0,00",,"0,00","0,00","-263,25","0,00","0,00"
14.08.2017,готовка,,,,,,0,0,0,0,0,"0,00","0,00","0,00","0,00","0,00",,"0,00","0,00","0,00","0,00",,"-3,92","-660,28","188,90","0,00",0,,"0,00","0,00","0,00","3,92",,"-3,65","4,00","0,00","0,00","0,00",,"0,00","0,00","660,28","3,65",,"264,09","263,25","0,00","0,00","0,00",,"0,00","-188,90","-4,00","-264,09",,"0,00","0,00","0,00","0,00","0,00",,"0,00","0,00","-263,25","0,00","0,00"
21.08.2017,тушенка,104,,,,,1,0,0,1,1,ВНОСИТЕЛЬ,"0,00","0,00","-35,67","-35,67",,"0,00","0,00","35,67","35,67",,"-3,92","-660,28","224,57","35,67","0,00",,"0,00","0,00","0,00","3,92",,"-3,65","4,00","0,00","0,00","0,00",,"0,00","0,00","660,28","3,65",,"264,09","263,25","-35,67","0,00","0,00",,"0,00","-224,57","-4,00","-264,09",,"0,00","-35,67","0,00","0,00","0,00",,"-35,67","0,00","-263,25","0,00","0,00"
22.08.2017,куриные бедрышки,168,,,,,1,0,0,1,1,ВНОСИТЕЛЬ,"0,00","0,00","-57,00","-57,00",,"0,00","0,00","57,00","57,00",,"-3,92","-660,28","281,57","92,67","0,00",,"0,00","0,00","0,00","3,92",,"-3,65","4,00","0,00","0,00","0,00",,"0,00","0,00","660,28","3,65",,"264,09","263,25","-57,00","0,00","0,00",,"0,00","-281,57","-4,00","-264,09",,"0,00","-57,00","0,00","0,00","0,00",,"-92,67","0,00","-263,25","0,00","0,00"
17.08.2017,говядина,,,,250,,1,0,1,1,"0.5","-72,43","0,00","-72,43",ВНОСИТЕЛЬ,"-36,21",,"0,00","0,00","-72,43","0,00",,"-3,92","-660,28","209,14","92,67",0,,"0,00","0,00","0,00","3,92",,"-3,65","4,00","0,00","0,00","0,00",,"-72,43","0,00","660,28","3,65",,"191,67","263,25","72,43","0,00","72,43",,"36,21","-209,14","-4,00","-191,67",,"36,21","0,00","0,00","0,00","-36,21",,"-92,67","0,00","-263,25","-36,21","0,00"
17.08.2017,кетчуп,,,,150,,1,0,1,1,0,"-51,00","0,00","-51,00",ВНОСИТЕЛЬ,"0,00",,"0,00","0,00","-51,00","0,00",,"-3,92","-660,28","158,14","92,67",0,,"0,00","0,00","0,00","3,92",,"-3,65","4,00","0,00","0,00","0,00",,"-51,00","0,00","660,28","3,65",,"140,67","263,25","51,00","0,00","51,00",,"0,00","-158,14","-4,00","-140,67",,"36,21","0,00","0,00","0,00","0,00",,"-92,67","0,00","-263,25","-36,21","0,00"
17.08.2017,готовка,,,,50,,1,0,1,1,0,"-17,67","0,00","-17,67",ВНОСИТЕЛЬ,"0,00",,"0,00","0,00","-17,67","0,00",,"-3,92","-660,28","140,47","92,67",0,,"0,00","0,00","0,00","3,92",,"-3,65","4,00","0,00","0,00","0,00",,"-17,67","0,00","660,28","3,65",,"123,00","263,25","17,67","0,00","17,67",,"0,00","-140,47","-4,00","-123,00",,"36,21","0,00","0,00","0,00","0,00",,"-92,67","0,00","-263,25","-36,21","0,00"
18.08.2017,молоко,,,,,49,1,0,0,1,1,"-17,33","0,00","0,00","-17,33",ВНОСИТЕЛЬ,,"0,00","0,00","0,00","-17,33",,"-3,92","-660,28","140,47","75,33",0,,"0,00","0,00","0,00","3,92",,"-3,65","4,00","0,00","0,00","0,00",,"0,00","0,00","660,28","3,65",,"123,00","263,25","0,00","0,00","0,00",,"-17,33","-140,47","-4,00","-123,00",,"18,88","17,33","0,00","0,00","17,33",,"-75,33","0,00","-263,25","-18,88","0,00"
19.08.2017,хлеб,,,,,45,0,0,0,1,1,"0,00","0,00","0,00","-23,50",ВНОСИТЕЛЬ,,"0,00","0,00","0,00","0,00",,"-3,92","-660,28","140,47","75,33",0,,"0,00","0,00","0,00","3,92",,"-3,65","4,00","0,00","0,00","0,00",,"0,00","0,00","660,28","3,65",,"123,00","263,25","0,00","0,00","0,00",,"-23,50","-140,47","-4,00","-123,00",,"-4,62","0,00","0,00","0,00","23,50",,"-75,33","0,00","-263,25","4,62","0,00"
19.08.2017,тушенка,,,,100,,1,0,0,1,1,"-34,33","0,00","0,00",ВНОСИТЕЛЬ,"-34,33",,"0,00","0,00","-34,33","0,00",,"-3,92","-660,28","106,14","75,33",0,,"0,00","0,00","0,00","3,92",,"-3,65","4,00","0,00","0,00","0,00",,"0,00","0,00","660,28","3,65",,"123,00","263,25","34,33","0,00","0,00",,"34,33","-106,14","-4,00","-123,00",,"29,71","0,00","0,00","0,00","-34,33",,"-75,33","0,00","-263,25","-29,71","0,00"
21.08.2017,специи,,,,122,,1,0,0,1,1,"-41,67","0,00","0,00",ВНОСИТЕЛЬ,"-41,67",,"0,00","0,00","-41,67","0,00",,"-3,92","-660,28","64,47","75,33",0,,"0,00","0,00","0,00","3,92",,"-3,65","4,00","0,00","0,00","0,00",,"0,00","0,00","660,28","3,65",,"123,00","263,25","41,67","0,00","0,00",,"41,67","-64,47","-4,00","-123,00",,"71,38","0,00","0,00","0,00","-41,67",,"-75,33","0,00","-263,25","-71,38","0,00"
21.08.2017,готовка,,,,,50,1,0,0,1,1,"-17,67","0,00","0,00","-17,67",ВНОСИТЕЛЬ,,"0,00","0,00","0,00","-17,67",,"-3,92","-660,28","64,47","57,67",0,,"0,00","0,00","0,00","3,92",,"-3,65","4,00","0,00","0,00","0,00",,"0,00","0,00","660,28","3,65",,"123,00","263,25","0,00","0,00","0,00",,"-17,67","-64,47","-4,00","-123,00",,"53,71","17,67","0,00","0,00","17,67",,"-57,67","0,00","-263,25","-53,71","0,00"
22.08.2017,готовка,,,,25,25,1,0,0,1,1,"-17,67","0,00","0,00",ВНОСИТЕЛЬ,ВНОСИТЕЛЬ,,"0,00","0,00","-17,67","-17,67",,"-3,92","-660,28","46,80","40,00",0,,"0,00","0,00","0,00","3,92",,"-3,65","4,00","0,00","0,00","0,00",,"0,00","0,00","660,28","3,65",,"123,00","263,25","17,67","0,00","0,00",,ВНОСИТЕЛЬ,"-46,80","-4,00","-123,00",,"53,71","17,67","0,00","0,00",ВНОСИТЕЛЬ,,"-40,00","0,00","-263,25","-53,71","0,00"
21.08.2017,вода,50,,,,,1,0,0,1,1,ВНОСИТЕЛЬ,"0,00","0,00","-17,67","-17,67",,"0,00","0,00","17,67","17,67",,"-3,92","-660,28","64,47","57,67","0,00",,"0,00","0,00","0,00","3,92",,"-3,65","4,00","0,00","0,00","0,00",,"0,00","0,00","660,28","3,65",,"123,00","263,25","-17,67","0,00","0,00",,"0,00","-64,47","-4,00","-123,00",,"53,71","-17,67","0,00","0,00","0,00",,"-57,67","0,00","-263,25","-53,71","0,00"
24.08.2017,готовка,,,,50,,1,0,0,1,1,"-17,67","0,00","0,00",ВНОСИТЕЛЬ,"-17,67",,"0,00","0,00","-17,67","0,00",,"-3,92","-660,28","46,80","57,67",0,,"0,00","0,00","0,00","3,92",,"-3,65","4,00","0,00","0,00","0,00",,"0,00","0,00","660,28","3,65",,"123,00","263,25","17,67","0,00","0,00",,"17,67","-46,80","-4,00","-123,00",,"71,38","0,00","0,00","0,00","-17,67",,"-57,67","0,00","-263,25","-71,38","0,00"
23.08.2017,готовка,,,,,50,1,0,0,1,1,"-17,67","0,00","0,00","-17,67",ВНОСИТЕЛЬ,,"0,00","0,00","0,00","-17,67",,"-3,92","-660,28","46,80","40,00",0,,"0,00","0,00","0,00","3,92",,"-3,65","4,00","0,00","0,00","0,00",,"0,00","0,00","660,28","3,65",,"123,00","263,25","0,00","0,00","0,00",,"-17,67","-46,80","-4,00","-123,00",,"53,71","17,67","0,00","0,00","17,67",,"-40,00","0,00","-263,25","-53,71","0,00"
18.08.2017,молоко,,,,49,,3,0,0,1,1,"-32,40","0,00","0,00",ВНОСИТЕЛЬ,"-10,80",,"0,00","0,00","-32,40","0,00",,"-3,92","-660,28","14,40","40,00",0,,"0,00","0,00","0,00","3,92",,"-3,65","4,00","0,00","0,00","0,00",,"0,00","0,00","660,28","3,65",,"123,00","263,25","32,40","0,00","0,00",,"10,80","-14,40","-4,00","-123,00",,"64,51","0,00","0,00","0,00","-10,80",,"-40,00","0,00","-263,25","-64,51","0,00"
18.08.2017,масло растительное,,,,70,,1,0,0,1,1,"-24,33","0,00","0,00",ВНОСИТЕЛЬ,"-24,33",,"0,00","0,00","-24,33","0,00",,"-3,92","-660,28","-9,93","40,00",0,,"0,00","0,00","0,00","3,92",,"-3,65","4,00","0,00","0,00","0,00",,"0,00","0,00","660,28","3,65",,"123,00","263,25","24,33","0,00","0,00",,"24,33","9,93","-4,00","-123,00",,"88,85","0,00","0,00","0,00","-24,33",,"-40,00","0,00","-263,25","-88,85","0,00"
28.08.2017,говядина,439,,,,,1,0,0,1,1,ВНОСИТЕЛЬ,"0,00","0,00","-147,33","-147,33",,"0,00","0,00","147,33","147,33",,"-3,92","-660,28","137,40","187,33","0,00",,"0,00","0,00","0,00","3,92",,"-3,65","4,00","0,00","0,00","0,00",,"0,00","0,00","660,28","3,65",,"123,00","263,25","-147,33","0,00","0,00",,"0,00","-137,40","-4,00","-123,00",,"88,85","-147,33","0,00","0,00","0,00",,"-187,33","0,00","-263,25","-88,85","0,00"
28.08.2017,сардельки,439,,,,,1,0,0,1,1,ВНОСИТЕЛЬ,"0,00","0,00","-147,33","-147,33",,"0,00","0,00","147,33","147,33",,"-3,92","-660,28","284,74","334,67","0,00",,"0,00","0,00","0,00","3,92",,"-3,65","4,00","0,00","0,00","0,00",,"0,00","0,00","660,28","3,65",,"123,00","263,25","-147,33","0,00","0,00",,"0,00","-284,74","-4,00","-123,00",,"88,85","-147,33","0,00","0,00","0,00",,"-334,67","0,00","-263,25","-88,85","0,00"
28.08.2017,макароны,67,,,,,1,0,0,1,1,ВНОСИТЕЛЬ,"0,00","0,00","-23,33","-23,33",,"0,00","0,00","23,33","23,33",,"-3,92","-660,28","308,07","358,00","0,00",,"0,00","0,00","0,00","3,92",,"-3,65","4,00","0,00","0,00","0,00",,"0,00","0,00","660,28","3,65",,"123,00","263,25","-23,33","0,00","0,00",,"0,00","-308,07","-4,00","-123,00",,"88,85","-23,33","0,00","0,00","0,00",,"-358,00","0,00","-263,25","-88,85","0,00"
28.08.2017,готовка,,,,,50,1,0,0,1,1,"-17,67","0,00","0,00","-17,67",ВНОСИТЕЛЬ,,"0,00","0,00","0,00","-17,67",,"-3,92","-660,28","308,07","340,33",0,,"0,00","0,00","0,00","3,92",,"-3,65","4,00","0,00","0,00","0,00",,"0,00","0,00","660,28","3,65",,"123,00","263,25","0,00","0,00","0,00",,"-17,67","-308,07","-4,00","-123,00",,"71,18","17,67","0,00","0,00","17,67",,"-340,33","0,00","-263,25","-71,18","0,00"
25.08.2017,готовка,,,,50,,1,0,0,1,1,"-17,67","0,00","0,00",ВНОСИТЕЛЬ,"-17,67",,"0,00","0,00","-17,67","0,00",,"-3,92","-660,28","290,40","340,33",0,,"0,00","0,00","0,00","3,92",,"-3,65","4,00","0,00","0,00","0,00",,"0,00","0,00","660,28","3,65",,"123,00","263,25","17,67","0,00","0,00",,"17,67","-290,40","-4,00","-123,00",,"88,85","0,00","0,00","0,00","-17,67",,"-340,33","0,00","-263,25","-88,85","0,00"
28.08.2017,торт,,,,,360,0,0,0,1,1,"0,00","0,00","0,00","-181,00",ВНОСИТЕЛЬ,,"0,00","0,00","0,00","0,00",,"-3,92","-660,28","290,40","340,33",0,,"0,00","0,00","0,00","3,92",,"-3,65","4,00","0,00","0,00","0,00",,"0,00","0,00","660,28","3,65",,"123,00","263,25","0,00","0,00","0,00",,"-181,00","-290,40","-4,00","-123,00",,"-92,15","0,00","0,00","0,00","181,00",,"-340,33","0,00","-263,25","92,15","0,00"
29.08.2017,томатная паста,,,,144,,1,0,0,1,1,"-49,00","0,00","0,00",ВНОСИТЕЛЬ,"-49,00",,"0,00","0,00","-49,00","0,00",,"-3,92","-660,28","241,40","340,33",0,,"0,00","0,00","0,00","3,92",,"-3,65","4,00","0,00","0,00","0,00",,"0,00","0,00","660,28","3,65",,"123,00","263,25","49,00","0,00","0,00",,"49,00","-241,40","-4,00","-123,00",,"-43,15","0,00","0,00","0,00","-49,00",,"-340,33","0,00","-263,25","43,15","0,00"
29.08.2017,маслины,,,,160,,1,0,0,1,1,"-54,33","0,00","0,00",ВНОСИТЕЛЬ,"-54,33",,"0,00","0,00","-54,33","0,00",,"-3,92","-660,28","187,07","340,33",0,,"0,00","0,00","0,00","3,92",,"-3,65","4,00","0,00","0,00","0,00",,"0,00","0,00","660,28","3,65",,"123,00","263,25","54,33","0,00","0,00",,"54,33","-187,07","-4,00","-123,00",,"11,18","0,00","0,00","0,00","-54,33",,"-340,33","0,00","-263,25","-11,18","0,00"
29.08.2017,огурцы консервированные,,,,105,,1,0,0,1,1,"-36,00","0,00","0,00",ВНОСИТЕЛЬ,"-36,00",,"0,00","0,00","-36,00","0,00",,"-3,92","-660,28","151,07","340,33",0,,"0,00","0,00","0,00","3,92",,"-3,65","4,00","0,00","0,00","0,00",,"0,00","0,00","660,28","3,65",,"123,00","263,25","36,00","0,00","0,00",,"36,00","-151,07","-4,00","-123,00",,"47,18","0,00","0,00","0,00","-36,00",,"-340,33","0,00","-263,25","-47,18","0,00"
29.08.2017,овощи,,,,170,,1,0,0,1,1,"-57,67","0,00","0,00",ВНОСИТЕЛЬ,"-57,67",,"0,00","0,00","-57,67","0,00",,"-3,92","-660,28","93,40","340,33",0,,"0,00","0,00","0,00","3,92",,"-3,65","4,00","0,00","0,00","0,00",,"0,00","0,00","660,28","3,65",,"123,00","263,25","57,67","0,00","0,00",,"57,67","-93,40","-4,00","-123,00",,"104,85","0,00","0,00","0,00","-57,67",,"-340,33","0,00","-263,25","-104,85","0,00"
29.08.2017,готовка,,,,50,,1,0,0,1,1,"-17,67","0,00","0,00",ВНОСИТЕЛЬ,"-17,67",,"0,00","0,00","-17,67","0,00",,"-3,92","-660,28","75,74","340,33",0,,"0,00","0,00","0,00","3,92",,"-3,65","4,00","0,00","0,00","0,00",,"0,00","0,00","660,28","3,65",,"123,00","263,25","17,67","0,00","0,00",,"17,67","-75,74","-4,00","-123,00",,"122,51","0,00","0,00","0,00","-17,67",,"-340,33","0,00","-263,25","-122,51","0,00"
29.08.2017,лимон,100,,,,,1,0,0,1,1,ВНОСИТЕЛЬ,"0,00","0,00","-34,33","-34,33",,"0,00","0,00","34,33","34,33",,"-3,92","-660,28","110,07","374,67","0,00",,"0,00","0,00","0,00","3,92",,"-3,65","4,00","0,00","0,00","0,00",,"0,00","0,00","660,28","3,65",,"123,00","263,25","-34,33","0,00","0,00",,"0,00","-110,07","-4,00","-123,00",,"122,51","-34,33","0,00","0,00","0,00",,"-374,67","0,00","-263,25","-122,51","0,00"
29.08.2017,охотничьи колбаски,162,,,,,1,0,0,1,1,ВНОСИТЕЛЬ,"0,00","0,00","-55,00","-55,00",,"0,00","0,00","55,00","55,00",,"-3,92","-660,28","165,07","429,67","0,00",,"0,00","0,00","0,00","3,92",,"-3,65","4,00","0,00","0,00","0,00",,"0,00","0,00","660,28","3,65",,"123,00","263,25","-55,00","0,00","0,00",,"0,00","-165,07","-4,00","-123,00",,"122,51","-55,00","0,00","0,00","0,00",,"-429,67","0,00","-263,25","-122,51","0,00"
29.08.2017,жидкость для чистки кофемашины,900,,,,,1,0,1,1,1,ВНОСИТЕЛЬ,"0,00","-226,00","-226,00","-226,00",,"0,00","226,00","226,00","226,00",,"-3,92","-434,28","391,07","655,67","0,00",,"0,00","0,00","0,00","3,92",,"-3,65","4,00","0,00","-226,00","0,00",,"0,00","0,00","434,28","3,65",,"123,00","263,25","-226,00","0,00","0,00",,"0,00","-391,07","-4,00","-123,00",,"122,51","-226,00","0,00","0,00","0,00",,"-655,67","0,00","-263,25","-122,51","0,00"
29.08.2017,жидкость для чистки кофемашины,,,,90,,1,0,1,1,1,"-23,50","0,00","-23,50",ВНОСИТЕЛЬ,"-23,50",,"0,00","0,00","-23,50","0,00",,"-3,92","-434,28","367,57","655,67",0,,"0,00","0,00","0,00","3,92",,"-3,65","4,00","0,00","0,00","0,00",,"-23,50","0,00","434,28","3,65",,"99,50","263,25","23,50","0,00","23,50",,"23,50","-367,57","-4,00","-99,50",,"146,01","0,00","0,00","0,00","-23,50",,"-655,67","0,00","-263,25","-146,01","0,00"
30.08.2017,готовка,,,,,50,1,0,0,1,1,"-17,67","0,00","0,00","-17,67",ВНОСИТЕЛЬ,,"0,00","0,00","0,00","-17,67",,"-3,92","-434,28","367,57","638,00",0,,"0,00","0,00","0,00","3,92",,"-3,65","4,00","0,00","0,00","0,00",,"0,00","0,00","434,28","3,65",,"99,50","263,25","0,00","0,00","0,00",,"-17,67","-367,57","-4,00","-99,50",,"128,35","17,67","0,00","0,00","17,67",,"-638,00","0,00","-263,25","-128,35","0,00"
31.08.2017,готовка,,,,50,,1,0,0,1,1,"-17,67","0,00","0,00",ВНОСИТЕЛЬ,"-17,67",,"0,00","0,00","-17,67","0,00",,"-3,92","-434,28","349,90","638,00",0,,"0,00","0,00","0,00","3,92",,"-3,65","4,00","0,00","0,00","0,00",,"0,00","0,00","434,28","3,65",,"99,50","263,25","17,67","0,00","0,00",,"17,67","-349,90","-4,00","-99,50",,"146,01","0,00","0,00","0,00","-17,67",,"-638,00","0,00","-263,25","-146,01","0,00"
31.08.2017,морковка,,,,160,,1,0,0,1,1,"-54,33","0,00","0,00",ВНОСИТЕЛЬ,"-54,33",,"0,00","0,00","-54,33","0,00",,"-3,92","-434,28","295,57","638,00",0,,"0,00","0,00","0,00","3,92",,"-3,65","4,00","0,00","0,00","0,00",,"0,00","0,00","434,28","3,65",,"99,50","263,25","54,33","0,00","0,00",,"54,33","-295,57","-4,00","-99,50",,"200,35","0,00","0,00","0,00","-54,33",,"-638,00","0,00","-263,25","-200,35","0,00"
01.09.2017,картошка,,,,80,,1,0,0,1,1,"-27,67","0,00","0,00",ВНОСИТЕЛЬ,"-27,67",,"0,00","0,00","-27,67","0,00",,"-3,92","-434,28","267,90","638,00",0,,"0,00","0,00","0,00","3,92",,"-3,65","4,00","0,00","0,00","0,00",,"0,00","0,00","434,28","3,65",,"99,50","263,25","27,67","0,00","0,00",,"27,67","-267,90","-4,00","-99,50",,"228,01","0,00","0,00","0,00","-27,67",,"-638,00","0,00","-263,25","-228,01","0,00"
01.09.2017,готовка,,,,50,,1,0,0,1,1,"-17,67","0,00","0,00",ВНОСИТЕЛЬ,"-17,67",,"0,00","0,00","-17,67","0,00",,"-3,92","-434,28","250,24","638,00",0,,"0,00","0,00","0,00","3,92",,"-3,65","4,00","0,00","0,00","0,00",,"0,00","0,00","434,28","3,65",,"99,50","263,25","17,67","0,00","0,00",,"17,67","-250,24","-4,00","-99,50",,"245,68","0,00","0,00","0,00","-17,67",,"-638,00","0,00","-263,25","-245,68","0,00"
01.09.2017,майонез,,,,,107,0,0,0,1,1,"0,00","0,00","0,00","-54,50",ВНОСИТЕЛЬ,,"0,00","0,00","0,00","0,00",,"-3,92","-434,28","250,24","638,00",0,,"0,00","0,00","0,00","3,92",,"-3,65","4,00","0,00","0,00","0,00",,"0,00","0,00","434,28","3,65",,"99,50","263,25","0,00","0,00","0,00",,"-54,50","-250,24","-4,00","-99,50",,"191,18","0,00","0,00","0,00","54,50",,"-638,00","0,00","-263,25","-191,18","0,00"
01.09.2017,хлеб,,,,,23,0,0,0,1,1,"0,00","0,00","0,00","-12,50",ВНОСИТЕЛЬ,,"0,00","0,00","0,00","0,00",,"-3,92","-434,28","250,24","638,00",0,,"0,00","0,00","0,00","3,92",,"-3,65","4,00","0,00","0,00","0,00",,"0,00","0,00","434,28","3,65",,"99,50","263,25","0,00","0,00","0,00",,"-12,50","-250,24","-4,00","-99,50",,"178,68","0,00","0,00","0,00","12,50",,"-638,00","0,00","-263,25","-178,68","0,00"
01.09.2017,молоко,,,,,49,1,0,0,1,1,"-17,33","0,00","0,00","-17,33",ВНОСИТЕЛЬ,,"0,00","0,00","0,00","-17,33",,"-3,92","-434,28","250,24","620,67",0,,"0,00","0,00","0,00","3,92",,"-3,65","4,00","0,00","0,00","0,00",,"0,00","0,00","434,28","3,65",,"99,50","263,25","0,00","0,00","0,00",,"-17,33","-250,24","-4,00","-99,50",,"161,35","17,33","0,00","0,00","17,33",,"-620,67","0,00","-263,25","-161,35","0,00"
04.09.2017,сахар,,,,,67,1,0,0,1,1,"-23,40","0,00","0,00","-23,40",ВНОСИТЕЛЬ,,"0,00","0,00","0,00","-23,40",,"-3,92","-434,28","250,24","597,27",0,,"0,00","0,00","0,00","3,92",,"-3,65","4,00","0,00","0,00","0,00",,"0,00","0,00","434,28","3,65",,"99,50","263,25","0,00","0,00","0,00",,"-23,40","-250,24","-4,00","-99,50",,"137,95","23,40","0,00","0,00","23,40",,"-597,27","0,00","-263,25","-137,95","0,00"
04.09.2017,майонез,,,,,140,0,0,0,1,1,"0,00","0,00","0,00","-71,00",ВНОСИТЕЛЬ,,"0,00","0,00","0,00","0,00",,"-3,92","-434,28","250,24","597,27",0,,"0,00","0,00","0,00","3,92",,"-3,65","4,00","0,00","0,00","0,00",,"0,00","0,00","434,28","3,65",,"99,50","263,25","0,00","0,00","0,00",,"-71,00","-250,24","-4,00","-99,50",,"66,95","0,00","0,00","0,00","71,00",,"-597,27","0,00","-263,25","-66,95","0,00"
04.09.2017,горбуша,,,,,170,1,0,"0.5",1,1,"-49,69","0,00","-24,84","-49,69",ВНОСИТЕЛЬ,,"0,00","0,00","0,00","-49,69",,"-3,92","-434,28","250,24","547,58",0,,"0,00","0,00","0,00","3,92",,"-3,65","4,00","0,00","0,00","0,00",,"0,00","-24,84","434,28","3,65",,"99,50","238,41","0,00","0,00","0,00",,"-49,69","-250,24","-4,00","-99,50",,"17,26","49,69","0,00","24,84","49,69",,"-547,58","0,00","-238,41","-17,26","0,00"
04.09.2017,рис,,,,,187,1,0,0,1,1,"-63,33","0,00","0,00","-63,33",ВНОСИТЕЛЬ,,"0,00","0,00","0,00","-63,33",,"-3,92","-434,28","250,24","484,25",0,,"0,00","0,00","0,00","3,92",,"-3,65","4,00","0,00","0,00","0,00",,"0,00","0,00","434,28","3,65",,"99,50","238,41","0,00","0,00","0,00",,"-63,33","-250,24","-4,00","-99,50",,"-46,07","63,33","0,00","0,00","63,33",,"-484,25","0,00","-238,41","46,07","0,00"
04.09.2017,томатная паста,,,,,110,1,0,0,1,1,"-37,67","0,00","0,00","-37,67",ВНОСИТЕЛЬ,,"0,00","0,00","0,00","-37,67",,"-3,92","-434,28","250,24","446,58",0,,"0,00","0,00","0,00","3,92",,"-3,65","4,00","0,00","0,00","0,00",,"0,00","0,00","434,28","3,65",,"99,50","238,41","0,00","0,00","0,00",,"-37,67","-250,24","-4,00","-99,50",,"-83,74","37,67","0,00","0,00","37,67",,"-446,58","0,00","-238,41","83,74","0,00"
04.09.2017,зеленый горошек,,,,,90,1,0,0,1,1,"-31,00","0,00","0,00","-31,00",ВНОСИТЕЛЬ,,"0,00","0,00","0,00","-31,00",,"-3,92","-434,28","250,24","415,58",0,,"0,00","0,00","0,00","3,92",,"-3,65","4,00","0,00","0,00","0,00",,"0,00","0,00","434,28","3,65",,"99,50","238,41","0,00","0,00","0,00",,"-31,00","-250,24","-4,00","-99,50",,"-114,74","31,00","0,00","0,00","31,00",,"-415,58","0,00","-238,41","114,74","0,00"
04.09.2017,спагетти,,,,,96,1,0,0,1,1,"-33,00","0,00","0,00","-33,00",ВНОСИТЕЛЬ,,"0,00","0,00","0,00","-33,00",,"-3,92","-434,28","250,24","382,58",0,,"0,00","0,00","0,00","3,92",,"-3,65","4,00","0,00","0,00","0,00",,"0,00","0,00","434,28","3,65",,"99,50","238,41","0,00","0,00","0,00",,"-33,00","-250,24","-4,00","-99,50",,"-147,74","33,00","0,00","0,00","33,00",,"-382,58","0,00","-238,41","147,74","0,00"
04.09.2017,морковь,,,,,100,1,0,0,1,1,"-34,33","0,00","0,00","-34,33",ВНОСИТЕЛЬ,,"0,00","0,00","0,00","-34,33",,"-3,92","-434,28","250,24","348,25",0,,"0,00","0,00","0,00","3,92",,"-3,65","4,00","0,00","0,00","0,00",,"0,00","0,00","434,28","3,65",,"99,50","238,41","0,00","0,00","0,00",,"-34,33","-250,24","-4,00","-99,50",,"-182,07","34,33","0,00","0,00","34,33",,"-348,25","0,00","-238,41","182,07","0,00"
04.09.2017,лук,,,,,56,1,0,0,1,1,"-19,80","0,00","0,00","-19,80",ВНОСИТЕЛЬ,,"0,00","0,00","0,00","-19,80",,"-3,92","-434,28","250,24","328,45",0,,"0,00","0,00","0,00","3,92",,"-3,65","4,00","0,00","0,00","0,00",,"0,00","0,00","434,28","3,65",,"99,50","238,41","0,00","0,00","0,00",,"-19,80","-250,24","-4,00","-99,50",,"-201,87","19,80","0,00","0,00","19,80",,"-328,45","0,00","-238,41","201,87","0,00"
04.09.2017,картошка,,,,,158,1,0,0,1,1,"-53,67","0,00","0,00","-53,67",ВНОСИТЕЛЬ,,"0,00","0,00","0,00","-53,67",,"-3,92","-434,28","250,24","274,78",0,,"0,00","0,00","0,00","3,92",,"-3,65","4,00","0,00","0,00","0,00",,"0,00","0,00","434,28","3,65",,"99,50","238,41","0,00","0,00","0,00",,"-53,67","-250,24","-4,00","-99,50",,"-255,54","53,67","0,00","0,00","53,67",,"-274,78","0,00","-238,41","255,54","0,00"
04.09.2017,перец красный,,,,,11,1,0,0,1,1,"-4,73","0,00","0,00","-4,73",ВНОСИТЕЛЬ,,"0,00","0,00","0,00","-4,73",,"-3,92","-434,28","250,24","270,05",0,,"0,00","0,00","0,00","3,92",,"-3,65","4,00","0,00","0,00","0,00",,"0,00","0,00","434,28","3,65",,"99,50","238,41","0,00","0,00","0,00",,"-4,73","-250,24","-4,00","-99,50",,"-260,27","4,73","0,00","0,00","4,73",,"-270,05","0,00","-238,41","260,27","0,00"
04.09.2017,курица,,,,,739,1,0,0,1,1,"-247,33","0,00","0,00","-247,33",ВНОСИТЕЛЬ,,"0,00","0,00","0,00","-247,33",,"-3,92","-434,28","250,24","22,71",0,,"0,00","0,00","0,00","3,92",,"-3,65","4,00","0,00","0,00","0,00",,"0,00","0,00","434,28","3,65",,"99,50","238,41","0,00","0,00","0,00",,"-247,33","-250,24","-4,00","-99,50",,"-507,60","247,33","0,00","0,00","247,33",,"-22,71","0,00","-238,41","507,60","0,00"
06.09.2017,приправы,,,,,45,1,0,0,1,1,"-16,00","0,00","0,00","-16,00",ВНОСИТЕЛЬ,,"0,00","0,00","0,00","-16,00",,"-3,92","-434,28","250,24","6,71",0,,"0,00","0,00","0,00","3,92",,"-3,65","4,00","0,00","0,00","0,00",,"0,00","0,00","434,28","3,65",,"99,50","238,41","0,00","0,00","0,00",,"-16,00","-250,24","-4,00","-99,50",,"-523,60","16,00","0,00","0,00","16,00",,"-6,71","0,00","-238,41","523,60","0,00"
06.09.2017,молоко,,,,,50,1,0,0,1,1,"-17,63","0,00","0,00","-17,63",ВНОСИТЕЛЬ,,"0,00","0,00","0,00","-17,63",,"-3,92","-434,28","250,24","-10,92",0,,"0,00","0,00","0,00","3,92",,"-3,65","4,00","0,00","0,00","0,00",,"0,00","0,00","434,28","3,65",,"99,50","238,41","0,00","0,00","0,00",,"-17,63","-250,24","-4,00","-99,50",,"-541,24","17,63","0,00","0,00","17,63",,"10,92","0,00","-238,41","541,24","0,00"
06.09.2017,готовка,,,,,100,1,0,0,1,1,"-34,33","0,00","0,00","-34,33",ВНОСИТЕЛЬ,,"0,00","0,00","0,00","-34,33",,"-3,92","-434,28","250,24","-45,25",0,,"0,00","0,00","0,00","3,92",,"-3,65","4,00","0,00","0,00","0,00",,"0,00","0,00","434,28","3,65",,"99,50","238,41","0,00","0,00","0,00",,"-34,33","-250,24","-4,00","-99,50",,"-575,57","34,33","0,00","0,00","34,33",,"45,25","0,00","-238,41","575,57","0,00"
07.09.2017,вода,50,,,,,1,0,0,1,1,ВНОСИТЕЛЬ,"0,00","0,00","-17,67","-17,67",,"0,00","0,00","17,67","17,67",,"-3,92","-434,28","267,90","-27,59","0,00",,"0,00","0,00","0,00","3,92",,"-3,65","4,00","0,00","0,00","0,00",,"0,00","0,00","434,28","3,65",,"99,50","238,41","-17,67","0,00","0,00",,"0,00","-267,90","-4,00","-99,50",,"-575,57","-17,67","0,00","0,00","0,00",,"27,59","0,00","-238,41","575,57","0,00"
08.09.2017,готовка,,,,50,,1,0,0,1,1,"-17,67","0,00","0,00",ВНОСИТЕЛЬ,"-17,67",,"0,00","0,00","-17,67","0,00",,"-3,92","-434,28","250,24","-27,59",0,,"0,00","0,00","0,00","3,92",,"-3,65","4,00","0,00","0,00","0,00",,"0,00","0,00","434,28","3,65",,"99,50","238,41","17,67","0,00","0,00",,"17,67","-250,24","-4,00","-99,50",,"-557,90","0,00","0,00","0,00","-17,67",,"27,59","0,00","-238,41","557,90","0,00"
08.09.2017,молоко,,,,49,,1,0,0,1,1,"-17,33","0,00","0,00",ВНОСИТЕЛЬ,"-17,33",,"0,00","0,00","-17,33","0,00",,"-3,92","-434,28","232,90","-27,59",0,,"0,00","0,00","0,00","3,92",,"-3,65","4,00","0,00","0,00","0,00",,"0,00","0,00","434,28","3,65",,"99,50","238,41","17,33","0,00","0,00",,"17,33","-232,90","-4,00","-99,50",,"-540,57","0,00","0,00","0,00","-17,33",,"27,59","0,00","-238,41","540,57","0,00"
08.09.2017,капуста,,,,150,,1,0,0,1,1,"-51,00","0,00","0,00",ВНОСИТЕЛЬ,"-51,00",,"0,00","0,00","-51,00","0,00",,"-3,92","-434,28","181,90","-27,59",0,,"0,00","0,00","0,00","3,92",,"-3,65","4,00","0,00","0,00","0,00",,"0,00","0,00","434,28","3,65",,"99,50","238,41","51,00","0,00","0,00",,"51,00","-181,90","-4,00","-99,50",,"-489,57","0,00","0,00","0,00","-51,00",,"27,59","0,00","-238,41","489,57","0,00"
11.09.2017,готовка,,,,,50,1,0,0,1,1,"-17,67","0,00","0,00","-17,67",ВНОСИТЕЛЬ,,"0,00","0,00","0,00","-17,67",,"-3,92","-434,28","181,90","-45,25",0,,"0,00","0,00","0,00","3,92",,"-3,65","4,00","0,00","0,00","0,00",,"0,00","0,00","434,28","3,65",,"99,50","238,41","0,00","0,00","0,00",,"-17,67","-181,90","-4,00","-99,50",,"-507,24","17,67","0,00","0,00","17,67",,"45,25","0,00","-238,41","507,24","0,00"
11.09.2017,хлеб,,,,,45,0,0,0,1,1,"0,00","0,00","0,00","-23,50",ВНОСИТЕЛЬ,,"0,00","0,00","0,00","0,00",,"-3,92","-434,28","181,90","-45,25",0,,"0,00","0,00","0,00","3,92",,"-3,65","4,00","0,00","0,00","0,00",,"0,00","0,00","434,28","3,65",,"99,50","238,41","0,00","0,00","0,00",,"-23,50","-181,90","-4,00","-99,50",,"-530,74","0,00","0,00","0,00","23,50",,"45,25","0,00","-238,41","530,74","0,00"
12.09.2017,готовкка,,,,50,,1,0,0,1,1,"-17,67","0,00","0,00",ВНОСИТЕЛЬ,"-17,67",,"0,00","0,00","-17,67","0,00",,"-3,92","-434,28","164,24","-45,25",0,,"0,00","0,00","0,00","3,92",,"-3,65","4,00","0,00","0,00","0,00",,"0,00","0,00","434,28","3,65",,"99,50","238,41","17,67","0,00","0,00",,"17,67","-164,24","-4,00","-99,50",,"-513,07","0,00","0,00","0,00","-17,67",,"45,25","0,00","-238,41","513,07","0,00"
13.09.2017,готовка,,,,50,,1,0,0,1,1,"-17,67","0,00","0,00",ВНОСИТЕЛЬ,"-17,67",,"0,00","0,00","-17,67","0,00",,"-3,92","-434,28","146,57","-45,25",0,,"0,00","0,00","0,00","3,92",,"-3,65","4,00","0,00","0,00","0,00",,"0,00","0,00","434,28","3,65",,"99,50","238,41","17,67","0,00","0,00",,"17,67","-146,57","-4,00","-99,50",,"-495,40","0,00","0,00","0,00","-17,67",,"45,25","0,00","-238,41","495,40","0,00"
13.09.2017,молоко,,,,49,,1,0,0,1,1,"-17,33","0,00","0,00",ВНОСИТЕЛЬ,"-17,33",,"0,00","0,00","-17,33","0,00",,"-3,92","-434,28","129,24","-45,25",0,,"0,00","0,00","0,00","3,92",,"-3,65","4,00","0,00","0,00","0,00",,"0,00","0,00","434,28","3,65",,"99,50","238,41","17,33","0,00","0,00",,"17,33","-129,24","-4,00","-99,50",,"-478,07","0,00","0,00","0,00","-17,33",,"45,25","0,00","-238,41","478,07","0,00"
13.09.2017,вермишель,,,,69,,1,0,0,1,1,"-24,00","0,00","0,00",ВНОСИТЕЛЬ,"-24,00",,"0,00","0,00","-24,00","0,00",,"-3,92","-434,28","105,24","-45,25",0,,"0,00","0,00","0,00","3,92",,"-3,65","4,00","0,00","0,00","0,00",,"0,00","0,00","434,28","3,65",,"99,50","238,41","24,00","0,00","0,00",,"24,00","-105,24","-4,00","-99,50",,"-454,07","0,00","0,00","0,00","-24,00",,"45,25","0,00","-238,41","454,07","0,00"
14.09.2017,вода,50,,,,,1,0,0,1,1,ВНОСИТЕЛЬ,"0,00","0,00","-17,67","-17,67",,"0,00","0,00","17,67","17,67",,"-3,92","-434,28","122,90","-27,59","0,00",,"0,00","0,00","0,00","3,92",,"-3,65","4,00","0,00","0,00","0,00",,"0,00","0,00","434,28","3,65",,"99,50","238,41","-17,67","0,00","0,00",,"0,00","-122,90","-4,00","-99,50",,"-454,07","-17,67","0,00","0,00","0,00",,"27,59","0,00","-238,41","454,07","0,00"
15.09.2017,молоко,,,,50,,1,0,0,1,1,"-17,67","0,00","0,00",ВНОСИТЕЛЬ,"-17,67",,"0,00","0,00","-17,67","0,00",,"-3,92","-434,28","105,24","-27,59",0,,"0,00","0,00","0,00","3,92",,"-3,65","4,00","0,00","0,00","0,00",,"0,00","0,00","434,28","3,65",,"99,50","238,41","17,67","0,00","0,00",,"17,67","-105,24","-4,00","-99,50",,"-436,40","0,00","0,00","0,00","-17,67",,"27,59","0,00","-238,41","436,40","0,00"
15.09.2017,спагетти,,,,87,,1,0,0,1,1,"-30,00","0,00","0,00",ВНОСИТЕЛЬ,"-30,00",,"0,00","0,00","-30,00","0,00",,"-3,92","-434,28","75,24","-27,59",0,,"0,00","0,00","0,00","3,92",,"-3,65","4,00","0,00","0,00","0,00",,"0,00","0,00","434,28","3,65",,"99,50","238,41","30,00","0,00","0,00",,"30,00","-75,24","-4,00","-99,50",,"-406,40","0,00","0,00","0,00","-30,00",,"27,59","0,00","-238,41","406,40","0,00"
15.09.2017,сливки,,,,160,,1,0,0,1,1,"-54,33","0,00","0,00",ВНОСИТЕЛЬ,"-54,33",,"0,00","0,00","-54,33","0,00",,"-3,92","-434,28","20,90","-27,59",0,,"0,00","0,00","0,00","3,92",,"-3,65","4,00","0,00","0,00","0,00",,"0,00","0,00","434,28","3,65",,"99,50","238,41","54,33","0,00","0,00",,"54,33","-20,90","-4,00","-99,50",,"-352,07","0,00","0,00","0,00","-54,33",,"27,59","0,00","-238,41","352,07","0,00"
15.09.2017,готовка,,,,25,25,1,0,0,1,1,"-17,67","0,00","0,00",ВНОСИТЕЛЬ,ВНОСИТЕЛЬ,,"0,00","0,00","-17,67","-17,67",,"-3,92","-434,28","3,24","-45,25",0,,"0,00","0,00","0,00","3,92",,"-3,65","4,00","0,00","0,00","0,00",,"0,00","0,00","434,28","3,65",,"99,50","238,41","17,67","0,00","0,00",,ВНОСИТЕЛЬ,"-3,24","-4,00","-99,50",,"-352,07","17,67","0,00","0,00",ВНОСИТЕЛЬ,,"45,25","0,00","-238,41","352,07","0,00"
18.09.2017,готовка,,,,,50,1,0,1,1,1,"-13,50","0,00","-13,50","-13,50",ВНОСИТЕЛЬ,,"0,00","0,00","0,00","-13,50",,"-3,92","-434,28","3,24","-58,75",0,,"0,00","0,00","0,00","3,92",,"-3,65","4,00","0,00","0,00","0,00",,"0,00","-13,50","434,28","3,65",,"99,50","224,91","0,00","0,00","0,00",,"-13,50","-3,24","-4,00","-99,50",,"-365,57","13,50","0,00","13,50","13,50",,"58,75","0,00","-224,91","365,57","0,00"
18.09.2017,лук,,,,100,,1,0,1,1,1,"-26,00","0,00","-26,00",ВНОСИТЕЛЬ,"-26,00",,"0,00","0,00","-26,00","0,00",,"-3,92","-434,28","-22,76","-58,75",0,,"0,00","0,00","0,00","3,92",,"-3,65","4,00","0,00","0,00","0,00",,"-26,00","0,00","434,28","3,65",,"73,50","224,91","26,00","0,00","26,00",,"26,00","22,76","-4,00","-73,50",,"-339,57","0,00","0,00","0,00","-26,00",,"58,75","0,00","-224,91","339,57","0,00"
19.09.2017,перец горошек,,,19,,,1,0,1,1,1,"-5,75","0,00",ВНОСИТЕЛЬ,"-5,75","-5,75",,"0,00","-5,75","0,00","0,00",,"-3,92","-440,03","-22,76","-58,75",0,,"0,00","0,00","0,00","3,92",,"-3,65","4,00","0,00","5,75","0,00",,"5,75","5,75","440,03","3,65",,"79,25","230,66","0,00","0,00","-5,75",,"0,00","22,76","-4,00","-79,25",,"-339,57","0,00","0,00","-5,75","0,00",,"58,75","0,00","-230,66","339,57","0,00"
19.09.2017,вода,,,50,,,1,0,1,1,1,"-13,50","0,00",ВНОСИТЕЛЬ,"-13,50","-13,50",,"0,00","-13,50","0,00","0,00",,"-3,92","-453,53","-22,76","-58,75",0,,"0,00","0,00","0,00","3,92",,"-3,65","4,00","0,00","13,50","0,00",,"13,50","13,50","453,53","3,65",,"92,75","244,16","0,00","0,00","-13,50",,"0,00","22,76","-4,00","-92,75",,"-339,57","0,00","0,00","-13,50","0,00",,"58,75","0,00","-244,16","339,57","0,00"
19.09.2017,готовка,,,50,,,1,0,1,1,1,"-13,50","0,00",ВНОСИТЕЛЬ,"-13,50","-13,50",,"0,00","-13,50","0,00","0,00",,"-3,92","-467,03","-22,76","-58,75",0,,"0,00","0,00","0,00","3,92",,"-3,65","4,00","0,00","13,50","0,00",,"13,50","13,50","467,03","3,65",,"106,25","257,66","0,00","0,00","-13,50",,"0,00","22,76","-4,00","-106,25",,"-339,57","0,00","0,00","-13,50","0,00",,"58,75","0,00","-257,66","339,57","0,00"
20.09.2017,готовка,,,50,,,1,0,1,1,1,"-13,50","0,00",ВНОСИТЕЛЬ,"-13,50","-13,50",,"0,00","-13,50","0,00","0,00",,"-3,92","-480,53","-22,76","-58,75",0,,"0,00","0,00","0,00","3,92",,"-3,65","4,00","0,00","13,50","0,00",,"13,50","13,50","480,53","3,65",,"119,75","271,16","0,00","0,00","-13,50",,"0,00","22,76","-4,00","-119,75",,"-339,57","0,00","0,00","-13,50","0,00",,"58,75","0,00","-271,16","339,57","0,00"
20.09.2017,сахар,,,218,,,1,0,1,1,1,"-55,50","0,00",ВНОСИТЕЛЬ,"-55,50","-55,50",,"0,00","-55,50","0,00","0,00",,"-3,92","-536,03","-22,76","-58,75",0,,"0,00","0,00","0,00","3,92",,"-3,65","4,00","0,00","55,50","0,00",,"55,50","55,50","536,03","3,65",,"175,25","326,66","0,00","0,00","-55,50",,"0,00","22,76","-4,00","-175,25",,"-339,57","0,00","0,00","-55,50","0,00",,"58,75","0,00","-326,66","339,57","0,00"
20.09.2017,помидоры,,,120,,,1,0,1,1,1,"-31,00","0,00",ВНОСИТЕЛЬ,"-31,00","-31,00",,"0,00","-31,00","0,00","0,00",,"-3,92","-567,03","-22,76","-58,75",0,,"0,00","0,00","0,00","3,92",,"-3,65","4,00","0,00","31,00","0,00",,"31,00","31,00","567,03","3,65",,"206,25","357,66","0,00","0,00","-31,00",,"0,00","22,76","-4,00","-206,25",,"-339,57","0,00","0,00","-31,00","0,00",,"58,75","0,00","-357,66","339,57","0,00"
20.09.2017,картофель,,,80,,,1,0,1,1,1,"-21,00","0,00",ВНОСИТЕЛЬ,"-21,00","-21,00",,"0,00","-21,00","0,00","0,00",,"-3,92","-588,03","-22,76","-58,75",0,,"0,00","0,00","0,00","3,92",,"-3,65","4,00","0,00","21,00","0,00",,"21,00","21,00","588,03","3,65",,"227,25","378,66","0,00","0,00","-21,00",,"0,00","22,76","-4,00","-227,25",,"-339,57","0,00","0,00","-21,00","0,00",,"58,75","0,00","-378,66","339,57","0,00"
19.09.2017,говядина,435,,,,,1,0,1,1,1,ВНОСИТЕЛЬ,"0,00","-109,75","-109,75","-109,75",,"0,00","109,75","109,75","109,75",,"-3,92","-478,28","86,99","51,00","0,00",,"0,00","0,00","0,00","3,92",,"-3,65","4,00","0,00","-109,75","0,00",,"0,00","0,00","478,28","3,65",,"227,25","378,66","-109,75","0,00","0,00",,"0,00","-86,99","-4,00","-227,25",,"-339,57","-109,75","0,00","0,00","0,00",,"-51,00","0,00","-378,66","339,57","0,00"
21.09.2017,молоко,,,,50,,1,0,0,1,1,"-17,67","0,00","0,00",ВНОСИТЕЛЬ,"-17,67",,"0,00","0,00","-17,67","0,00",,"-3,92","-478,28","69,32","51,00",0,,"0,00","0,00","0,00","3,92",,"-3,65","4,00","0,00","0,00","0,00",,"0,00","0,00","478,28","3,65",,"227,25","378,66","17,67","0,00","0,00",,"17,67","-69,32","-4,00","-227,25",,"-321,90","0,00","0,00","0,00","-17,67",,"-51,00","0,00","-378,66","321,90","0,00"
21.09.2017,грудка,,,,119,,1,0,1,1,1,"-30,75","0,00","-30,75",ВНОСИТЕЛЬ,"-30,75",,"0,00","0,00","-30,75","0,00",,"-3,92","-478,28","38,57","51,00",0,,"0,00","0,00","0,00","3,92",,"-3,65","4,00","0,00","0,00","0,00",,"-30,75","0,00","478,28","3,65",,"196,50","378,66","30,75","0,00","30,75",,"30,75","-38,57","-4,00","-196,50",,"-291,15","0,00","0,00","0,00","-30,75",,"-51,00","0,00","-378,66","291,15","0,00"
21.09.2017,готовка,,,25,25,,1,0,1,1,1,"-13,50","0,00",ВНОСИТЕЛЬ,ВНОСИТЕЛЬ,"-13,50",,"0,00","-13,50","-13,50","0,00",,"-3,92","-491,78","25,07","51,00",0,,"0,00","0,00","0,00","3,92",,"-3,65","4,00","0,00","13,50","0,00",,ВНОСИТЕЛЬ,"13,50","491,78","3,65",,"196,50","392,16","13,50","0,00",ВНОСИТЕЛЬ,,"13,50","-25,07","-4,00","-196,50",,"-277,65","0,00","0,00","-13,50","-13,50",,"-51,00","0,00","-392,16","277,65","0,00"
21.09.2017,помидоры,,,120,,,1,0,1,1,1,"-31,00","0,00",ВНОСИТЕЛЬ,"-31,00","-31,00",,"0,00","-31,00","0,00","0,00",,"-3,92","-522,78","25,07","51,00",0,,"0,00","0,00","0,00","3,92",,"-3,65","4,00","0,00","31,00","0,00",,"31,00","31,00","522,78","3,65",,"227,50","423,16","0,00","0,00","-31,00",,"0,00","-25,07","-4,00","-227,50",,"-277,65","0,00","0,00","-31,00","0,00",,"-51,00","0,00","-423,16","277,65","0,00"
22.09.2017,морковь,,,60,,,1,0,1,1,1,"-16,00","0,00",ВНОСИТЕЛЬ,"-16,00","-16,00",,"0,00","-16,00","0,00","0,00",,"-3,92","-538,78","25,07","51,00",0,,"0,00","0,00","0,00","3,92",,"-3,65","4,00","0,00","16,00","0,00",,"16,00","16,00","538,78","3,65",,"243,50","439,16","0,00","0,00","-16,00",,"0,00","-25,07","-4,00","-243,50",,"-277,65","0,00","0,00","-16,00","0,00",,"-51,00","0,00","-439,16","277,65","0,00"
